bookTitle	bookSeries	bookAuthors	ratingValue	ratingCount	reviewCount	Plot	NumberOfPages	Publishing_Date	Characters	Setting	Url
The Path of Daggers	The Wheel of Time #8	Robert Jordan	3.91	109424	2112	The Seanchan invasion force is in possession of Ebou Dar. Nynaeve, Elayne, and Aviendha head for Caemlyn and Elayne's rightful throne, but on the way they discover an enemy much worse than the Seanchan. In Illian, Rand vows to throw the Seanchan back as he did once before. But signs of madness are appearing among the Asha'man. In Ghealdan, Perrin faces the intrigues of Whitecloaks, Seanchan invaders, the scattered Shaido Aiel, and the Prophet himself. Perrin's beloved wife, Faile, may pay with her life, and Perrin himself may have to destroy his soul to save her. Meanwhile the rebel Aes Sedai under their young Amyrlin, Egwene al'Vere, face an army that intends to keep them away from the White Tower. But Egwene is determined to unseat the usurper Elaida and reunite the Aes Sedai. She does not yet understand the price that others—and she herself—will pay.	685	October 20th 1998	Birgitte Silverbow, Rand (aka Rand al'Thor, Car'a'carn, Dragon Reborn, Chosen One, Coramoor), Mat (aka Matrim Cauthon), Perrin (aka Perrin t'Bashere Aybara), Faile (aka Faile ni Bashere t'Aybara), Moiraine (aka Moiraine Damodred), Elayne (aka Elayne Trakand), Nynaeve (aka Nynaeve ti al'Meara Mandragoran), Alise (aka Alise Tenjile), Bryne (aka Gareth Bryne), Flinn (aka Damer Flinn), Maighdin (aka Maighdin Dorlain), Dashiva (aka Corlan Dashiva), Lini (aka Lini Eltring), Aes Sedai Aviendha, Egwene (aka Egwene al'Vere), Reanne (aka Reanne Corly), Masema (aka Masema Dagar), Romanda (aka Romanda Cassin), Weiramon (aka Weiramon Saniago), Torval (aka Peral Torval), Alanna (aka Alanna Mosvani), Seonid (aka Seonid Traighan), Lelaine (aka Lelaine Akashi), Morr (aka Fedwin Morr, Fedwin), Annoura Sedai, Alliandre (aka Alliandre Maritha Kigarin), Gill (aka Basel Gill, Master Gill), Cadsuane (aka Cadsuane Melaidhrin), Seaine (aka Seaine Herimon), Hopwil (aka Eben Hopwil), Lews Therin (aka Lews Therin Telamon), Gedwyn (aka Charl Gedwyn), Gregorin (aka Gregorin Panar de Lushenos), Rochaid (aka Manel Rochaid), Berelain (aka Berelain sur Paendrag Paeron), Pevara (aka Pevara Tazanovni), Bashere (aka Davram t'Ghaline Bashere, Davram), Masuri (aka Masuri Sokawa), Taim (aka Mazrim Taim), Merana (aka Merana Ambrey), Dobraine (aka Dobraine Taborwin), Adeleas (aka Adeleas Namelle), Aemin, Aemlyn (aka Aemlyn Carand), Agelmar (aka Agelmar Jagad), Aginor, Ailil (aka Ailil Riatin), Aisling (aka Aisling Noon), Aledrin, Alesune (aka Alesune Chulin), Alsalam (aka Alsalam Saeed Almadar), Alsbet (aka Alsbet Luhhan), Alviarin (aka Alviarin Freidhen), Amondrid Gueyam, Amondrid Osiellin, Anaiyella (aka Anaiyella Narencelona), Andaya (aka Andaya Forae), Aran'gar, Arathelle (aka Arathelle Renshar), Arilyn (aka Arilyn Dhulaine), Arlen (aka Arlen Nalaam), Arrela (aka Arrela Shiego, Arella), Artur Hawkwing (aka Artur Paendrag Tanreall), Arymilla (aka Arymilla Marne), Assid Bakuun, Baldhere, Beldeine (aka Beldeine Nyram), Benly (aka Benly Coplin), Beonin (aka Beonin Marinye), Bera (aka Bera Harkin), Berana, Bernaile (aka Bernaile Gelbarn), Bertain (aka Bertain Gallenne), Bertome (aka Bertome Saighan), Beslan (aka Beslan Mitsobar), Boreane (aka Boreane Carivin), Breane (aka Breane Taborwin), Caire (aka Caire din Gelyn Running Wave), Camaille (aka Camaille Nolaisen), Caraline (aka Caraline Damodred), Careane (aka Careane Fransi), Carelle, Cemaile (aka Cemaile Sorenthaine), Cenn (aka Cenn Buie), Chaelin, Lord Chianmai, Chilares (aka Chilares Arman), Chulein, Cian (aka Cian do Mehon a'Macansa), Cieryl (aka Cieryl Arjuna), Coiren (aka Coiren Saeldain), Coladara, Colavaere (aka Colavaere Saighan), Colinda, Corgaide (aka Corgaide Marendevin), Culhan (aka Culhan Carand), Cyndane, Daigian (aka Daigian Moseneillin), Dalthanes (aka Dalthanes Annallin), Dark One, Darlin (aka Lord Darlin Sisnera), Daved (aka Daved Hanlon), Daviena, Deira (aka Deira ni Ghaline t'Bashere), Delana (aka Delana Mosalaine), Demandred, Demetre (aka Demetre Marcolin), Denharad, Desora, Dimana, Doesine (aka Doesine Alwain), Doile, Donel (aka Donel do Morny a'Lordeine), Doressin (aka Doressin Chuliandred), Dorile (aka Dorile din Eiran Long Feather), Duhara (aka Duhara Basaheen), Dyelin (aka Dyelin Taravin), Eagan (aka Eagan Padros), Easar (aka Easar Togita), Einone, Elaida (aka Elaida do Avriny a'Roihan), Eldase, Elenia (aka Elenia Sarand), Ellorien (aka Ellorien Traemane), Elyas (aka Elyas Machera), Elza (aka Elza Penfell), Emerys, Erian (aka Erian Boroleos), Ershin (aka Ershin Netari), Escaralde, Ethenielle (aka Ethenielle Kirukan Materasu), Evin (aka Evin Hardlin, Hardlin), Faeldrin (aka Faeldrin Harella), Fain (aka Padan Fain), Faiselle, Falion (aka Falion Bhoda), Falton, Famelle (aka Famelle Juarde), Faolain (aka Faolain Orande), Farede, Ferane (aka Ferane Neheran), Flann (aka Flann Barstere), Furen (aka Furen Alharra), Furyk (aka Furyk Karede, Karede), Gaebril (aka Lord Gaebril), Garenia (aka Garenia Rosoinde), Gawyn (aka Gawyn Trakand), Gerra (aka Gerra Kishar), Gharadin, Grady (aka Jur Grady), Halima (aka Halima Saranov), Harine (aka Harine din Togara Two Winds), Herid (aka Herid Fel), Ieine, Illeisien, Ilyena (aka Ilyena Therin Moerelle), Irgain (aka Irgain Fatamed), Ishara (aka Ishara Maravaile), Ishigari (aka Ishigari Terasian), Ismic, Ispan (aka Ispan Shefar), Jadranka, Jaem, Jaichim (aka Jaichim Carridin), Jak Masond, Janya (aka Janya Frende), Jara (aka Jara Doweel, Doweel), Jarid (aka Jarid Sarand), Jenare, Jeordwyn (aka Jeordwyn Semaris), Jeraal (aka Jeraal Mordeth, Mordeth), Jerasid, Jillien, Joline (aka Joline Maza), Jonan (aka Jonan Adley, Adley), Jondyn (aka Jondyn Barran), Jori (aka Jori Congar), Juilaine (aka Juilaine Madome), Kajima, Kalyan (aka Kalyan Ramsin), Katerine (aka Katerine Alruddin), Kinhuin, Kiril (aka Kiril Drapaneos), Kirstian (aka Kirstian Chalwin), Kirukan, Kiruna (aka Kiruna Nachiman), Kisman (aka Raefar Kisman), Kumira, Kurin, Kwamesa, Kyril (aka Kyril Shianri, Shianri), Lacile (aka Lacile Aldorwin), Laigin (aka Laigin Arnault), Laman (aka Laman Damodred), Lamgwin (aka Lamgwin Dorn), Lan (aka Lan Mandragoran), Leane (aka Leane Sharif), Liah, Lioness, Lisaine (aka Lisaine Jarath), Logain (aka Logain Ablar), Losaine, Loversknot, Luan (aka Luan Norwelyn), Luthair Paendrag (aka Luthair Paendrag Mondwhin), Lyrelle, Macharan, Magla (aka Magla Daronos), Malind (aka Malind Nachenin), Marline, Martine (aka Martine Janata), Master Hornwell, Mattin Stepaneos (aka Mattin Stepaneos den Balgar), Megairil, Memara, Menuki (aka Menuki Nachiman), Meralda, Merilille (aka Merilille Ceandevin), Merya, Metarra (aka Metarra din Junalle), Min (aka Elmindreda Farshaw), Miraj (aka Kennar Miraj), Mistress Hornwell, Morgase (aka Morgase Trakand), Moria (aka Moria Karentanis), Myrelle (aka Myrelle Berengari), Myriam (aka Myriam Copan), Nadoc, Naean (aka Naean Arawn), Naime, Naiselle, Narishma (aka Jahar Narishma), Nazelle, Nazran, Neald (aka Fager Neald), Negara (aka Lady Negara), Nerith, Nesair, Nesta (aka Nesta din Reas Two Moons), Nesune (aka Nesune Bihara), Nevarin, Niall (aka Pedron Niall), Nianh, Nildra, Nisao (aka Nisao Dachen), Norlea, Norley, Nurelle (aka Havien Nurelle), Ortis, Osan'gar, Paitar (aka Paitar Nachiman), Paitr (aka Paitr do Fearna a'Conn), Parelean, Pelivar (aka Pelivar Coelan), Rafela (aka Rafela Cindal), Rainyn, Reene (aka Reene Harfor), Renaile (aka Renaile din Calon Blue Star), Rhadam (aka Rhadam Asunawa), Rina (aka Rina Hafden), Rodel (aka Rodel Ituralde, Ituralde), Roedran (aka Roedran Almaric do Arreloa a'Naloy), Rovair (aka Rovair Kirklin), Rubinde, Rysael, Saerin (aka Saerin Asnobar), Salita (aka Salita Toranes), Samalin, Sarainya (aka Sarainya Vostovan), Sareitha (aka Sareitha Tomares), Sarene (aka Sarene Nemdahl), Saroiya, Sedore (aka Sedore Dajenna), Segan (aka Segan do Avharin a'Roos), Segani, Selande (aka Selande Darengil), Semaradrid (aka Semaradrid Maravin), Senine (aka Senine din Ryal), Lady Serailla, Sereille (aka Sereille Bagand), Shalon (aka Shalon din Togara Morning Tide), Sharina (aka Sharina Melloy), Shein (aka Shein Chunla), Shevan, Shiaine (aka Shiaine Avarhin), Sibella, Silviana (aka Silviana Brehon), Siuan (aka Siuan Sanche), Spiron (aka Spiron Narettin), Stayer, Suana (aka Suana Dragand), Sumeko (aka Sumeko Karistovan), Sunamon (aka Sunamon Haellin), Surasa, Suroth (aka Suroth Sabelle Meldarath), Tai'daishar, Talaan (aka Talaan din Gelyn), Talene (aka Talene Minly), Tallanvor (aka Martyn Tallanvor), Talmanes (aka Talmanes Delovinde), Tam (aka Tamlin al'Thor), Tamra (aka Tamra Ospenya), Tauan, Tebreille (aka Tebreille din Gelyn South Wind), Lord Telabin, Tenobia (aka Tenobia si Bashere Kazadi), Teryl (aka Teryl Wynter), Teslyn (aka Teslyn Baradon), The Creator, Theodrin (aka Theodrin Dabei), Thom (aka Thomdril Merrilin), Tialin, Tiam (aka Tiam of Gazar), Tiana (aka Tiana Noselle), Tihera (aka Rodrivar Tihera), Tiras, Tolmeran, Toma (aka Toma dur Ahmid), Toram (aka Toram Riatin), Torean (aka Torean Andiama), Toveine (aka Toveine Gazal), Tsorovan'm'hael, Turanna (aka Turanna Norill), Tylin (aka Tylin Quintara Mitsobar), Uno (aka Uno Nomesta), Uren (aka Uren din Jubai Soaring Gull), Valda (aka Eamon Valda), Vandene (aka Vandene Namelle), Vanin (aka Chel Vanin), Varek, Varil (aka Varil Nensen), Velina (aka Velina Behar), Verin (aka Verin Mathwin), Vinchova, Yukiri, Yulan (aka Abaldar Yulan), Zakai, Zarya (aka Zarya Alkaese), Zerah (aka Zerah Dacan), Mistress Maighdin, Cha Faile, Lord Dobraine Taborwin, Mistress Doweel, Lord Donel, Nynaeve Sedai, Siuan Sedai, Lady Shiaine, Lord Perrin Aybara, Tairen dog Weiramon, Lord Chianmai, Chilares (aka Chilares Arman), Chulein, Cian (aka Cian do Mehon a'Macansa), Cieryl (aka Cieryl Arjuna), Coiren (aka Coiren Saeldain), Coladara, Colavaere (aka Colavaere Saighan), Colinda, Corgaide (aka Corgaide Marendevin), Culhan (aka Culhan Carand), Cyndane, Daigian (aka Daigian Moseneillin), Dalthanes (aka Dalthanes Annallin), Dark One, Darlin (aka Lord Darlin Sisnera), Daved (aka Daved Hanlon), Daviena, Deira (aka Deira ni Ghaline t'Bashere), Delana (aka Delana Mosalaine), Demandred, Demetre (aka Demetre Marcolin), Denharad, Desora, Dimana, Doesine (aka Doesine Alwain), Doile, Donel (aka Donel do Morny a'Lordeine), Doressin (aka Doressin Chuliandred), Dorile (aka Dorile din Eiran Long Feather), Duhara (aka Duhara Basaheen), Dyelin (aka Dyelin Taravin), Eagan (aka Eagan Padros), Easar (aka Easar Togita), Einone, Elaida (aka Elaida do Avriny a'Roihan), Eldase, Elenia (aka Elenia Sarand), Ellorien (aka Ellorien Traemane), Elyas (aka Elyas Machera), Elza (aka Elza Penfell), Emerys, Erian (aka Erian Boroleos), Ershin (aka Ershin Netari), Escaralde, Ethenielle (aka Ethenielle Kirukan Materasu), Evin (aka Evin Hardlin, Hardlin), Faeldrin (aka Faeldrin Harella), Fain (aka Padan Fain), Faiselle, Falion (aka Falion Bhoda), Falton, Famelle (aka Famelle Juarde), Faolain (aka Faolain Orande), Farede, Ferane (aka Ferane Neheran), Flann (aka Flann Barstere), Furen (aka Furen Alharra), Furyk (aka Furyk Karede, Karede), Gaebril (aka Lord Gaebril), Garenia (aka Garenia Rosoinde), Gawyn (aka Gawyn Trakand), Gerra (aka Gerra Kishar), Gharadin, Grady (aka Jur Grady), Halima (aka Halima Saranov), Harine (aka Harine din Togara Two Winds), Herid (aka Herid Fel), Ieine, Illeisien, Ilyena (aka Ilyena Therin Moerelle), Irgain (aka Irgain Fatamed), Ishara (aka Ishara Maravaile), Ishigari (aka Ishigari Terasian), Ismic, Ispan (aka Ispan Shefar), Jadranka, Jaem, Jaichim (aka Jaichim Carridin), Jak Masond, Janya (aka Janya Frende), Jara (aka Jara Doweel, Doweel), Jarid (aka Jarid Sarand), Jenare, Jeordwyn (aka Jeordwyn Semaris), Jeraal (aka Jeraal Mordeth, Mordeth), Jerasid, Jillien, Joline (aka Joline Maza), Jonan (aka Jonan Adley, Adley), Jondyn (aka Jondyn Barran), Jori (aka Jori Congar), Juilaine (aka Juilaine Madome), Kajima, Kalyan (aka Kalyan Ramsin), Katerine (aka Katerine Alruddin), Kinhuin, Kiril (aka Kiril Drapaneos), Kirstian (aka Kirstian Chalwin), Kirukan, Kiruna (aka Kiruna Nachiman), Kisman (aka Raefar Kisman), Kumira, Kurin, Kwamesa, Kyril (aka Kyril Shianri, Shianri), Lacile (aka Lacile Aldorwin), Laigin (aka Laigin Arnault), Laman (aka Laman Damodred), Lamgwin (aka Lamgwin Dorn), Lan (aka Lan Mandragoran), Leane (aka Leane Sharif), Liah, Lioness, Lisaine (aka Lisaine Jarath), Logain (aka Logain Ablar), Losaine, Loversknot, Luan (aka Luan Norwelyn), Luthair Paendrag (aka Luthair Paendrag Mondwhin), Lyrelle, Macharan, Magla (aka Magla Daronos), Malind (aka Malind Nachenin), Marline, Martine (aka Martine Janata), Master Hornwell, Mattin Stepaneos (aka Mattin Stepaneos den Balgar), Megairil, Memara, Menuki (aka Menuki Nachiman), Meralda, Merilille (aka Merilille Ceandevin), Merya, Metarra (aka Metarra din Junalle), Miraj (aka Kennar Miraj), Mistress Hornwell, Morgase (aka Morgase Trakand), Moria (aka Moria Karentanis), Myrelle (aka Myrelle Berengari), Myriam (aka Myriam Copan), Nadoc, Naean (aka Naean Arawn), Naime, Naiselle, Narishma (aka Jahar Narishma), Nazelle, Nazran, Neald (aka Fager Neald), Negara (aka Lady Negara), Nerith, Nesair, Nesta (aka Nesta din Reas Two Moons), Nesune (aka Nesune Bihara), Nevarin, Niall (aka Pedron Niall), Nianh, Nildra, Nisao (aka Nisao Dachen), Norlea, Norley, Nurelle (aka Havien Nurelle), Ortis, Osan'gar, Paitar (aka Paitar Nachiman), Paitr (aka Paitr do Fearna a'Conn), Parelean, Pelivar (aka Pelivar Coelan), Rafela (aka Rafela Cindal), Rainyn, Reene (aka Reene Harfor), Renaile (aka Renaile din Calon Blue Star), Rhadam (aka Rhadam Asunawa), Rina (aka Rina Hafden), Rodel (aka Rodel Ituralde, Ituralde), Roedran (aka Roedran Almaric do Arreloa a'Naloy), Rovair (aka Rovair Kirklin), Rubinde, Rysael, Saerin (aka Saerin Asnobar), Salita (aka Salita Toranes), Samalin, Sarainya (aka Sarainya Vostovan), Sareitha (aka Sareitha Tomares), Sarene (aka Sarene Nemdahl), Saroiya, Sedore (aka Sedore Dajenna), Segan (aka Segan do Avharin a'Roos), Segani, Selande (aka Selande Darengil), Semaradrid (aka Semaradrid Maravin), Senine (aka Senine din Ryal), Lady Serailla, Sereille (aka Sereille Bagand), Shalon (aka Shalon din Togara Morning Tide), Sharina (aka Sharina Melloy), Shein (aka Shein Chunla), Shevan, Shiaine (aka Shiaine Avarhin), Sibella, Silviana (aka Silviana Brehon), Spiron (aka Spiron Narettin), Stayer, Suana (aka Suana Dragand), Sumeko (aka Sumeko Karistovan), Sunamon (aka Sunamon Haellin), Surasa, Suroth (aka Suroth Sabelle Meldarath), Tai'daishar, Talaan (aka Talaan din Gelyn), Talene (aka Talene Minly), Tallanvor (aka Martyn Tallanvor), Talmanes (aka Talmanes Delovinde), Tam (aka Tamlin al'Thor), Tamra (aka Tamra Ospenya), Tauan, Tebreille (aka Tebreille din Gelyn South Wind), Lord Telabin, Tenobia (aka Tenobia si Bashere Kazadi), Teryl (aka Teryl Wynter), Teslyn (aka Teslyn Baradon), The Creator, Theodrin (aka Theodrin Dabei), Thom (aka Thomdril Merrilin), Tialin, Tiam (aka Tiam of Gazar), Tiana (aka Tiana Noselle), Tihera (aka Rodrivar Tihera), Tiras, Tolmeran, Toma (aka Toma dur Ahmid), Toram (aka Toram Riatin), Torean (aka Torean Andiama), Toveine (aka Toveine Gazal), Tsorovan'm'hael, Turanna (aka Turanna Norill), Tylin (aka Tylin Quintara Mitsobar), Uno (aka Uno Nomesta), Uren (aka Uren din Jubai Soaring Gull), Valda (aka Eamon Valda), Vandene (aka Vandene Namelle), Vanin (aka Chel Vanin), Varek, Varil (aka Varil Nensen), Velina (aka Velina Behar), Verin (aka Verin Mathwin), Vinchova, Yukiri, Yulan (aka Abaldar Yulan), Zakai, Zarya (aka Zarya Alkaese), Zerah (aka Zerah Dacan), Mistress Maighdin, Cha Faile, Lord Dobraine Taborwin, Mistress Doweel, Lord Donel, Nynaeve Sedai, Siuan Sedai, Lady Shiaine, Lord Perrin Aybara, Tairen dog Weiramon		https://www.goodreads.com/book/show/140974.The_Path_of_Daggers